Market_Trend_Index,Competitor_Activity_Score,Consumer_Confidence_Index,Sales_Volume
1.0,-0.225518332619678,-0.22205397343433775,-0.3155943186739542
-0.225518332619678,1.0,-0.20802688684125942,-0.3164641467220705
-0.22205397343433775,-0.20802688684125942,1.0,-0.31958521598357587
-0.3155943186739542,-0.3164641467220705,-0.31958521598357587,1.0
